title,score,comments,created,id,url,cleaned_title
"r/Stocks Daily Discussion & Fundamentals Friday Dec 06, 2024",1,3,1733481010.0,1h7ygjq,https://www.reddit.com/r/stocks/comments/1h7ygjq/rstocks_daily_discussion_fundamentals_friday_dec/,rstocks daily discussion fundamentals friday dec
Tesla stock pops as Giga Austin visit has BofA bullish,0,13,1733434258.0,1h7kg0u,https://www.reddit.com/r/stocks/comments/1h7kg0u/tesla_stock_pops_as_giga_austin_visit_has_bofa/,tesla stock pops as giga austin visit has bofa bullish
Vital Farms (VITL) and the Growing Premium Food Market - Analysis of Cultural Shifts and Market Opportunities,14,13,1733429764.0,1h7in07,https://www.reddit.com/r/stocks/comments/1h7in07/vital_farms_vitl_and_the_growing_premium_food/,vital farms vitl and the growing premium food market analysis of cultural shifts and market opportunities
Is there any stocks/funds that mirror BTC/crypto?,0,18,1733419625.0,1h7ejc5,https://www.reddit.com/r/stocks/comments/1h7ejc5/is_there_any_stocksfunds_that_mirror_btccrypto/,is there any stocksfunds that mirror btccrypto
These are the stocks on my watchlist (12/5),9,14,1733408188.0,1h7a52b,https://www.reddit.com/r/stocks/comments/1h7a52b/these_are_the_stocks_on_my_watchlist_125/,these are the stocks on my watchlist
Many stocks still down 50-90% from 2021 highs. ,472,277,1733400129.0,1h77lxd,https://www.reddit.com/r/stocks/comments/1h77lxd/many_stocks_still_down_5090_from_2021_highs/,many stocks still down from highs
"r/Stocks Daily Discussion & Options Trading Thursday - Dec 05, 2024",6,290,1733394613.0,1h767sx,https://www.reddit.com/r/stocks/comments/1h767sx/rstocks_daily_discussion_options_trading_thursday/,rstocks daily discussion options trading thursday dec
Protecting Gains on 300 META Shares Without Selling: Selling Deep ITM Calls Strategy,0,19,1733373414.0,1h70zrb,https://www.reddit.com/r/stocks/comments/1h70zrb/protecting_gains_on_300_meta_shares_without/,protecting gains on meta shares without selling selling deep itm calls strategy
These are the stocks on my watchlist (12/4),47,28,1733321820.0,1h6h1iu,https://www.reddit.com/r/stocks/comments/1h6h1iu/these_are_the_stocks_on_my_watchlist_124/,these are the stocks on my watchlist
"r/Stocks Daily Discussion Wednesday - Dec 04, 2024",15,270,1733308208.0,1h6d0rv,https://www.reddit.com/r/stocks/comments/1h6d0rv/rstocks_daily_discussion_wednesday_dec_04_2024/,rstocks daily discussion wednesday dec
Name a large-cap stock and its small-cap competitor ,171,106,1733271696.0,1h62rcf,https://www.reddit.com/r/stocks/comments/1h62rcf/name_a_largecap_stock_and_its_smallcap_competitor/,name a largecap stock and its smallcap competitor
"""Existencial question"" about common stocks.",0,18,1733268558.0,1h61ksu,https://www.reddit.com/r/stocks/comments/1h61ksu/existencial_question_about_common_stocks/,existencial question about common stocks
These are the stocks on my watchlist (12/3),11,5,1733235953.0,1h5okj8,https://www.reddit.com/r/stocks/comments/1h5okj8/these_are_the_stocks_on_my_watchlist_123/,these are the stocks on my watchlist
"r/Stocks Daily Discussion & Technicals Tuesday - Dec 03, 2024",12,241,1733221810.0,1h5khdt,https://www.reddit.com/r/stocks/comments/1h5khdt/rstocks_daily_discussion_technicals_tuesday_dec/,rstocks daily discussion technicals tuesday dec
Can someone please explain the process of reclaiming stocks that were escheated?,9,10,1733193836.0,1h5d9ps,https://www.reddit.com/r/stocks/comments/1h5d9ps/can_someone_please_explain_the_process_of/,can someone please explain the process of reclaiming stocks that were escheated
GM to sell stake in battery cell plant to joint venture partner for roughly $1 billion,34,1,1733174149.0,1h560u4,https://www.reddit.com/r/stocks/comments/1h560u4/gm_to_sell_stake_in_battery_cell_plant_to_joint/,gm to sell stake in battery cell plant to joint venture partner for roughly billion
Anyone else buying the NU dip?,30,74,1733151877.0,1h4wyxh,https://www.reddit.com/r/stocks/comments/1h4wyxh/anyone_else_buying_the_nu_dip/,anyone else buying the nu dip
"These are the stocks on my watchlist (12/2)
",34,6,1733148898.0,1h4vw1m,https://www.reddit.com/r/stocks/comments/1h4vw1m/these_are_the_stocks_on_my_watchlist_122/,these are the stocks on my watchlist
"r/Stocks Daily Discussion Monday - Dec 02, 2024",8,211,1733135411.0,1h4s1eu,https://www.reddit.com/r/stocks/comments/1h4s1eu/rstocks_daily_discussion_monday_dec_02_2024/,rstocks daily discussion monday dec
5 Health care stocks for the next 5 years,4,47,1733122421.0,1h4p4ps,https://www.reddit.com/r/stocks/comments/1h4p4ps/5_health_care_stocks_for_the_next_5_years/,health care stocks for the next years
Is anyone else a little concerned about this market jump up?,549,465,1733077454.0,1h49py3,https://www.reddit.com/r/stocks/comments/1h49py3/is_anyone_else_a_little_concerned_about_this/,is anyone else a little concerned about this market jump up
Rate My Portfolio - r/Stocks Quarterly Thread December 2024,13,130,1733047222.0,1h403u4,https://www.reddit.com/r/stocks/comments/1h403u4/rate_my_portfolio_rstocks_quarterly_thread/,rate my portfolio rstocks quarterly thread december
German market - Volkswagen,63,63,1733030185.0,1h3vzop,https://www.reddit.com/r/stocks/comments/1h3vzop/german_market_volkswagen/,german market volkswagen
Ocean Exploration Stocks! The next big sector! ,0,32,1732989179.0,1h3i51d,https://www.reddit.com/r/stocks/comments/1h3i51d/ocean_exploration_stocks_the_next_big_sector/,ocean exploration stocks the next big sector
"r/Stocks Weekly Thread on Meme Stocks Saturday - Nov 30, 2024",8,2,1732986027.0,1h3gyeg,https://www.reddit.com/r/stocks/comments/1h3gyeg/rstocks_weekly_thread_on_meme_stocks_saturday_nov/,rstocks weekly thread on meme stocks saturday nov
"/r/Stocks Weekend Discussion Saturday - Nov 30, 2024",6,87,1732962617.0,1h39vdi,https://www.reddit.com/r/stocks/comments/1h39vdi/rstocks_weekend_discussion_saturday_nov_30_2024/,rstocks weekend discussion saturday nov
23-Hour Party People: U.S. stocks may soon trade nearly around the clock.,497,180,1732903281.0,1h2roez,https://www.reddit.com/r/stocks/comments/1h2roez/23hour_party_people_us_stocks_may_soon_trade/,hour party people us stocks may soon trade nearly around the clock
Technology and its effect on stock market average returns. Does the future hold higher average returns?,19,20,1732898152.0,1h2ppqn,https://www.reddit.com/r/stocks/comments/1h2ppqn/technology_and_its_effect_on_stock_market_average/,technology and its effect on stock market average returns does the future hold higher average returns
Thoughts on buying BRB.K this month instead of DCAing into S&P?,85,63,1732892041.0,1h2nht8,https://www.reddit.com/r/stocks/comments/1h2nht8/thoughts_on_buying_brbk_this_month_instead_of/,thoughts on buying brbk this month instead of dcaing into sp
Why I think UBER is a BUY,0,56,1732883538.0,1h2kshj,https://www.reddit.com/r/stocks/comments/1h2kshj/why_i_think_uber_is_a_buy/,why i think uber is a buy
"r/Stocks Daily Discussion & Fundamentals Friday Nov 29, 2024",11,171,1732876209.0,1h2iyx6,https://www.reddit.com/r/stocks/comments/1h2iyx6/rstocks_daily_discussion_fundamentals_friday_nov/,rstocks daily discussion fundamentals friday nov
Question about selling and purchase again in less than 30 days Taxes. ,5,8,1732845343.0,1h2b32d,https://www.reddit.com/r/stocks/comments/1h2b32d/question_about_selling_and_purchase_again_in_less/,question about selling and purchase again in less than days taxes
Is there a realistic scenario where you would sell all your stocks? ,242,425,1732818462.0,1h22eal,https://www.reddit.com/r/stocks/comments/1h22eal/is_there_a_realistic_scenario_where_you_would/,is there a realistic scenario where you would sell all your stocks
I think bird flu risk is being underestimated by the market. Long on $MRNA,221,156,1732809014.0,1h1yuwt,https://www.reddit.com/r/stocks/comments/1h1yuwt/i_think_bird_flu_risk_is_being_underestimated_by/,i think bird flu risk is being underestimated by the market long on mrna
"r/Stocks Daily Discussion & Options Trading Thursday - Nov 28, 2024",6,74,1732789809.0,1h1t4ca,https://www.reddit.com/r/stocks/comments/1h1t4ca/rstocks_daily_discussion_options_trading_thursday/,rstocks daily discussion options trading thursday nov
Intel stock a viable investment now that it has a government contract for chips?,117,126,1732770165.0,1h1oebx,https://www.reddit.com/r/stocks/comments/1h1oebx/intel_stock_a_viable_investment_now_that_it_has_a/,intel stock a viable investment now that it has a government contract for chips
EC Stock - Value opportunity,3,4,1732755731.0,1h1k1yf,https://www.reddit.com/r/stocks/comments/1h1k1yf/ec_stock_value_opportunity/,ec stock value opportunity
If you could only buy one stock now what would it be,1621,2580,1732735027.0,1h1cds4,https://www.reddit.com/r/stocks/comments/1h1cds4/if_you_could_only_buy_one_stock_now_what_would_it/,if you could only buy one stock now what would it be
These are the stocks on my watchlist (11/27),35,18,1732716753.0,1h157ua,https://www.reddit.com/r/stocks/comments/1h157ua/these_are_the_stocks_on_my_watchlist_1127/,these are the stocks on my watchlist
"r/Stocks Daily Discussion Wednesday - Nov 27, 2024",6,177,1732703409.0,1h11cj1,https://www.reddit.com/r/stocks/comments/1h11cj1/rstocks_daily_discussion_wednesday_nov_27_2024/,rstocks daily discussion wednesday nov
For buying stocks for long term. Do you guys think is better to use 200EMA on daily or weekly chart? ,0,42,1732688309.0,1h0xvnu,https://www.reddit.com/r/stocks/comments/1h0xvnu/for_buying_stocks_for_long_term_do_you_guys_think/,for buying stocks for long term do you guys think is better to use ema on daily or weekly chart
These are the stocks on my watchlist (11/26),77,44,1732630012.0,1h0co9w,https://www.reddit.com/r/stocks/comments/1h0co9w/these_are_the_stocks_on_my_watchlist_1126/,these are the stocks on my watchlist
"r/Stocks Daily Discussion & Technicals Tuesday - Nov 26, 2024",11,233,1732617010.0,1h08ta0,https://www.reddit.com/r/stocks/comments/1h08ta0/rstocks_daily_discussion_technicals_tuesday_nov/,rstocks daily discussion technicals tuesday nov
Why MicroStrategy Stock Rocketed 24.7% Higher This Week,205,112,1732533611.0,1gzglu6,https://www.reddit.com/r/stocks/comments/1gzglu6/why_microstrategy_stock_rocketed_247_higher_this/,why microstrategy stock rocketed higher this week
"r/Stocks Daily Discussion Monday - Nov 25, 2024",9,358,1732530610.0,1gzfvyo,https://www.reddit.com/r/stocks/comments/1gzfvyo/rstocks_daily_discussion_monday_nov_25_2024/,rstocks daily discussion monday nov
Stock events this week,38,9,1732482143.0,1gz1g5g,https://www.reddit.com/r/stocks/comments/1gz1g5g/stock_events_this_week/,stock events this week
How are activist short sellers not committing insider trading,110,70,1732472191.0,1gyxil8,https://www.reddit.com/r/stocks/comments/1gyxil8/how_are_activist_short_sellers_not_committing/,how are activist short sellers not committing insider trading
Google stock thoughts ,0,79,1732394058.0,1gy9591,https://www.reddit.com/r/stocks/comments/1gy9591/google_stock_thoughts/,google stock thoughts
"r/Stocks Weekly Thread on Meme Stocks Saturday - Nov 23, 2024",3,1,1732381215.0,1gy487w,https://www.reddit.com/r/stocks/comments/1gy487w/rstocks_weekly_thread_on_meme_stocks_saturday_nov/,rstocks weekly thread on meme stocks saturday nov
Anyone knows which website is showing stocks performance in many green tiles and red tiles?,17,11,1732366805.0,1gxz36e,https://www.reddit.com/r/stocks/comments/1gxz36e/anyone_knows_which_website_is_showing_stocks/,anyone knows which website is showing stocks performance in many green tiles and red tiles
"/r/Stocks Weekend Discussion Saturday - Nov 23, 2024",13,57,1732357816.0,1gxwqkj,https://www.reddit.com/r/stocks/comments/1gxwqkj/rstocks_weekend_discussion_saturday_nov_23_2024/,rstocks weekend discussion saturday nov
Manchester United stock (NYSE: MANU) – potential to grow,0,13,1732310301.0,1gxinau,https://www.reddit.com/r/stocks/comments/1gxinau/manchester_united_stock_nyse_manu_potential_to/,manchester united stock nyse manu potential to grow
"r/Stocks Daily Discussion & Fundamentals Friday Nov 22, 2024",14,256,1732271412.0,1gx4upj,https://www.reddit.com/r/stocks/comments/1gx4upj/rstocks_daily_discussion_fundamentals_friday_nov/,rstocks daily discussion fundamentals friday nov
"If a new product is brought to market, is it's value additive? Or does it always have to take from the market cap of another company?",7,6,1732255910.0,1gx1bkr,https://www.reddit.com/r/stocks/comments/1gx1bkr/if_a_new_product_is_brought_to_market_is_its/,if a new product is brought to market is its value additive or does it always have to take from the market cap of another company
How is Viking Therapeutics Inc not a no brainer buy right now?,0,29,1732236473.0,1gwvb46,https://www.reddit.com/r/stocks/comments/1gwvb46/how_is_viking_therapeutics_inc_not_a_no_brainer/,how is viking therapeutics inc not a no brainer buy right now
Why is NVO willing to sell drugs at such low price in China?,47,36,1732228213.0,1gwsahb,https://www.reddit.com/r/stocks/comments/1gwsahb/why_is_nvo_willing_to_sell_drugs_at_such_low/,why is nvo willing to sell drugs at such low price in china
Any investors here looking at European markets ?,41,147,1732197702.0,1gwgyqv,https://www.reddit.com/r/stocks/comments/1gwgyqv/any_investors_here_looking_at_european_markets/,any investors here looking at european markets
"Palo Alto Networks beats Q1 estimates, shares fall as billings decline. BOD approves 2-1 stock split.",61,11,1732197326.0,1gwgtsd,https://www.reddit.com/r/stocks/comments/1gwgtsd/palo_alto_networks_beats_q1_estimates_shares_fall/,palo alto networks beats q estimates shares fall as billings decline bod approves stock split
"r/Stocks Daily Discussion & Options Trading Thursday - Nov 21, 2024",8,431,1732185010.0,1gwd90k,https://www.reddit.com/r/stocks/comments/1gwd90k/rstocks_daily_discussion_options_trading_thursday/,rstocks daily discussion options trading thursday nov
Understanding tax implications for international stocks,6,4,1732119419.0,1gvt6p6,https://www.reddit.com/r/stocks/comments/1gvt6p6/understanding_tax_implications_for_international/,understanding tax implications for international stocks
"r/Stocks Daily Discussion Wednesday - Nov 20, 2024",11,303,1732098612.0,1gvmifm,https://www.reddit.com/r/stocks/comments/1gvmifm/rstocks_daily_discussion_wednesday_nov_20_2024/,rstocks daily discussion wednesday nov
Trying to understand the mechanics/risk of SGOV vs short term treasuries Money Market vs a HYSA and their relative safety.,10,7,1732057887.0,1gvawfq,https://www.reddit.com/r/stocks/comments/1gvawfq/trying_to_understand_the_mechanicsrisk_of_sgov_vs/,trying to understand the mechanicsrisk of sgov vs short term treasuries money market vs a hysa and their relative safety
"Sony is in talks to buy Kadokawa, media powerhouse behind 'Elden Ring'",92,27,1732035395.0,1gv1vyw,https://www.reddit.com/r/stocks/comments/1gv1vyw/sony_is_in_talks_to_buy_kadokawa_media_powerhouse/,sony is in talks to buy kadokawa media powerhouse behind elden ring
"Exciting times for space, nuclear and quantum computing stocks!",295,142,1732031667.0,1gv0dex,https://www.reddit.com/r/stocks/comments/1gv0dex/exciting_times_for_space_nuclear_and_quantum/,exciting times for space nuclear and quantum computing stocks
"AMCOR (AMCR) AND BERRY (BERY) TO COMBINE IN AN ALL-STOCK TRANSACTION, CREATING A GLOBAL LEADER IN CONSUMER & HEALTHCARE PACKAGING SOLUTIONS",0,4,1732019199.0,1guvy9k,https://www.reddit.com/r/stocks/comments/1guvy9k/amcor_amcr_and_berry_bery_to_combine_in_an/,amcor amcr and berry bery to combine in an allstock transaction creating a global leader in consumer healthcare packaging solutions
"r/Stocks Daily Discussion & Technicals Tuesday - Nov 19, 2024",10,288,1732012210.0,1guu616,https://www.reddit.com/r/stocks/comments/1guu616/rstocks_daily_discussion_technicals_tuesday_nov/,rstocks daily discussion technicals tuesday nov
"Big selling by insiders, CEO’s and big players",226,151,1731994615.0,1guq5rh,https://www.reddit.com/r/stocks/comments/1guq5rh/big_selling_by_insiders_ceos_and_big_players/,big selling by insiders ceos and big players
"r/Stocks Daily Discussion Monday - Nov 18, 2024",18,207,1731925810.0,1gu1svl,https://www.reddit.com/r/stocks/comments/1gu1svl/rstocks_daily_discussion_monday_nov_18_2024/,rstocks daily discussion monday nov
What's the point in investing on a stock like Coca Cola?,452,387,1731791702.0,1gsx74y,https://www.reddit.com/r/stocks/comments/1gsx74y/whats_the_point_in_investing_on_a_stock_like_coca/,whats the point in investing on a stock like coca cola
"r/Stocks Weekly Thread on Meme Stocks Saturday - Nov 16, 2024",11,4,1731776415.0,1gsrmji,https://www.reddit.com/r/stocks/comments/1gsrmji/rstocks_weekly_thread_on_meme_stocks_saturday_nov/,rstocks weekly thread on meme stocks saturday nov
Lets talk pharma stocks,132,110,1731773377.0,1gsqisf,https://www.reddit.com/r/stocks/comments/1gsqisf/lets_talk_pharma_stocks/,lets talk pharma stocks
"/r/Stocks Weekend Discussion Saturday - Nov 16, 2024",10,69,1731753017.0,1gskkw5,https://www.reddit.com/r/stocks/comments/1gskkw5/rstocks_weekend_discussion_saturday_nov_16_2024/,rstocks weekend discussion saturday nov
Can someone help me with my evaluation of a stock? ,6,22,1731677172.0,1grwala,https://www.reddit.com/r/stocks/comments/1grwala/can_someone_help_me_with_my_evaluation_of_a_stock/,can someone help me with my evaluation of a stock
Alibaba shares rise 3% in premarket after Chinese tech giant posts 58% jump in profit,261,67,1731672501.0,1gruwrl,https://www.reddit.com/r/stocks/comments/1gruwrl/alibaba_shares_rise_3_in_premarket_after_chinese/,alibaba shares rise in premarket after chinese tech giant posts jump in profit
"r/Stocks Daily Discussion & Fundamentals Friday Nov 15, 2024",25,480,1731666609.0,1grtfyq,https://www.reddit.com/r/stocks/comments/1grtfyq/rstocks_daily_discussion_fundamentals_friday_nov/,rstocks daily discussion fundamentals friday nov
Why is Buffet buying Domino's DPZ with -$112 book value?,309,195,1731662511.0,1grskde,https://www.reddit.com/r/stocks/comments/1grskde/why_is_buffet_buying_dominos_dpz_with_112_book/,why is buffet buying dominos dpz with book value
Why would you buy shares of a company and buy the same amount in Puts?,154,84,1731621365.0,1grgeyz,https://www.reddit.com/r/stocks/comments/1grgeyz/why_would_you_buy_shares_of_a_company_and_buy_the/,why would you buy shares of a company and buy the same amount in puts
Is HIMS still Buy after Amazon competition concerns?,119,124,1731617354.0,1grevm3,https://www.reddit.com/r/stocks/comments/1grevm3/is_hims_still_buy_after_amazon_competition/,is hims still buy after amazon competition concerns
Where Can We Find Information on Stocks Purchased by Anyone?,4,12,1731613873.0,1grdj5e,https://www.reddit.com/r/stocks/comments/1grdj5e/where_can_we_find_information_on_stocks_purchased/,where can we find information on stocks purchased by anyone
"r/Stocks Daily Discussion & Options Trading Thursday - Nov 14, 2024",18,326,1731580210.0,1gr1w6a,https://www.reddit.com/r/stocks/comments/1gr1w6a/rstocks_daily_discussion_options_trading_thursday/,rstocks daily discussion options trading thursday nov
"Robotics, Cyber-Security, Beverage and Industrial Stocks ",66,31,1731539826.0,1gqqlf8,https://www.reddit.com/r/stocks/comments/1gqqlf8/robotics_cybersecurity_beverage_and_industrial/,robotics cybersecurity beverage and industrial stocks
SoundHound AI Stock Tumbles as Margins Drop ,48,10,1731532558.0,1gqnswr,https://www.reddit.com/r/stocks/comments/1gqnswr/soundhound_ai_stock_tumbles_as_margins_drop/,soundhound ai stock tumbles as margins drop
"NICE Ltd., an undervalued AI stock that is positioned well whether or not generative AI even works",0,12,1731518301.0,1gqi2n6,https://www.reddit.com/r/stocks/comments/1gqi2n6/nice_ltd_an_undervalued_ai_stock_that_is/,nice ltd an undervalued ai stock that is positioned well whether or not generative ai even works
Supermicro - hold or sell - my strategy,39,76,1731495213.0,1gqa9ht,https://www.reddit.com/r/stocks/comments/1gqa9ht/supermicro_hold_or_sell_my_strategy/,supermicro hold or sell my strategy
"r/Stocks Daily Discussion Wednesday - Nov 13, 2024",17,394,1731493810.0,1gq9xxd,https://www.reddit.com/r/stocks/comments/1gq9xxd/rstocks_daily_discussion_wednesday_nov_13_2024/,rstocks daily discussion wednesday nov
"Will UPS stock get a boost from holiday shipping this year?
",0,10,1731451813.0,1gpxxil,https://www.reddit.com/r/stocks/comments/1gpxxil/will_ups_stock_get_a_boost_from_holiday_shipping/,will ups stock get a boost from holiday shipping this year
 CPI report vs Stocks,4,8,1731444057.0,1gpuvj8,https://www.reddit.com/r/stocks/comments/1gpuvj8/cpi_report_vs_stocks/,cpi report vs stocks
Finding good mean reverting stocks,4,1,1731440946.0,1gptmfk,https://www.reddit.com/r/stocks/comments/1gptmfk/finding_good_mean_reverting_stocks/,finding good mean reverting stocks
Out of the “Big 7” any you’d recommend buying over others?,38,164,1731423941.0,1gpmrel,https://www.reddit.com/r/stocks/comments/1gpmrel/out_of_the_big_7_any_youd_recommend_buying_over/,out of the big any youd recommend buying over others
"r/Stocks Daily Discussion & Technicals Tuesday - Nov 12, 2024",14,284,1731407410.0,1gphrmq,https://www.reddit.com/r/stocks/comments/1gphrmq/rstocks_daily_discussion_technicals_tuesday_nov/,rstocks daily discussion technicals tuesday nov
"If Berkshire Hathaway suddenly spent all cash on hand on equities, how much do you think the market would move?",183,123,1731369693.0,1gp7be7,https://www.reddit.com/r/stocks/comments/1gp7be7/if_berkshire_hathaway_suddenly_spent_all_cash_on/,if berkshire hathaway suddenly spent all cash on hand on equities how much do you think the market would move
US Tech Stocks will push back against EU pressure as Trump signals tariffs and 'America First' policies,0,61,1731340427.0,1govegm,https://www.reddit.com/r/stocks/comments/1govegm/us_tech_stocks_will_push_back_against_eu_pressure/,us tech stocks will push back against eu pressure as trump signals tariffs and america first policies
"r/Stocks Daily Discussion Monday - Nov 11, 2024",12,402,1731321011.0,1gop84t,https://www.reddit.com/r/stocks/comments/1gop84t/rstocks_daily_discussion_monday_nov_11_2024/,rstocks daily discussion monday nov
RDDT stock is up over 165% YTD and I want thoughts if it will move higher,266,242,1731309534.0,1gomnhh,https://www.reddit.com/r/stocks/comments/1gomnhh/rddt_stock_is_up_over_165_ytd_and_i_want_thoughts/,rddt stock is up over ytd and i want thoughts if it will move higher
Nike (NKE) stock is primed for A multi-year cycle of gains ,0,107,1731293977.0,1goibkg,https://www.reddit.com/r/stocks/comments/1goibkg/nike_nke_stock_is_primed_for_a_multiyear_cycle_of/,nike nke stock is primed for a multiyear cycle of gains
Future of Energy Stocks ,117,97,1731207232.0,1gnqxb5,https://www.reddit.com/r/stocks/comments/1gnqxb5/future_of_energy_stocks/,future of energy stocks
"r/Stocks Weekly Thread on Meme Stocks Saturday - Nov 09, 2024",4,0,1731171615.0,1gnej3y,https://www.reddit.com/r/stocks/comments/1gnej3y/rstocks_weekly_thread_on_meme_stocks_saturday_nov/,rstocks weekly thread on meme stocks saturday nov
Has anyone used CNN Business's 12-month stock price projections?,0,8,1731168250.0,1gndamw,https://www.reddit.com/r/stocks/comments/1gndamw/has_anyone_used_cnn_businesss_12month_stock_price/,has anyone used cnn businesss month stock price projections
"/r/Stocks Weekend Discussion Saturday - Nov 09, 2024",9,89,1731148216.0,1gn7afs,https://www.reddit.com/r/stocks/comments/1gn7afs/rstocks_weekend_discussion_saturday_nov_09_2024/,rstocks weekend discussion saturday nov
Why do people continue to pay for stock pickers?,218,151,1731104042.0,1gmunkx,https://www.reddit.com/r/stocks/comments/1gmunkx/why_do_people_continue_to_pay_for_stock_pickers/,why do people continue to pay for stock pickers
"MBLY is the next Trump / Elon stock. 10 bagger
",0,14,1731097553.0,1gms5yq,https://www.reddit.com/r/stocks/comments/1gms5yq/mbly_is_the_next_trump_elon_stock_10_bagger/,mbly is the next trump elon stock bagger
Tesla hits $1T Market Cap for the first time since 2021,622,468,1731079188.0,1gmkxwf,https://www.reddit.com/r/stocks/comments/1gmkxwf/tesla_hits_1t_market_cap_for_the_first_time_since/,tesla hits t market cap for the first time since
Any advice when it comes to selling?,0,33,1731077785.0,1gmkel0,https://www.reddit.com/r/stocks/comments/1gmkel0/any_advice_when_it_comes_to_selling/,any advice when it comes to selling
"r/Stocks Daily Discussion & Fundamentals Friday Nov 08, 2024",18,412,1731061810.0,1gmfiqh,https://www.reddit.com/r/stocks/comments/1gmfiqh/rstocks_daily_discussion_fundamentals_friday_nov/,rstocks daily discussion fundamentals friday nov
Dutch Bros (BROS) stock pops 28% after strong W3 earnings ,71,28,1731041935.0,1gmauyi,https://www.reddit.com/r/stocks/comments/1gmauyi/dutch_bros_bros_stock_pops_28_after_strong_w3/,dutch bros bros stock pops after strong w earnings
Arista Networks beats earnings expectations but stock falls 6%: Why?,30,16,1731026673.0,1gm614k,https://www.reddit.com/r/stocks/comments/1gm614k/arista_networks_beats_earnings_expectations_but/,arista networks beats earnings expectations but stock falls why
Pinterest stock plunges following weak Q4 revenue guidance,72,17,1731014579.0,1gm1jo6,https://www.reddit.com/r/stocks/comments/1gm1jo6/pinterest_stock_plunges_following_weak_q4_revenue/,pinterest stock plunges following weak q revenue guidance
Airbnb stock up 8% as revenue jumps,80,26,1731014008.0,1gm1b2f,https://www.reddit.com/r/stocks/comments/1gm1b2f/airbnb_stock_up_8_as_revenue_jumps/,airbnb stock up as revenue jumps
AppLovin Stock Soars As Software Firm Crushes Q3 Targets,34,31,1730992617.0,1glssh7,https://www.reddit.com/r/stocks/comments/1glssh7/applovin_stock_soars_as_software_firm_crushes_q3/,applovin stock soars as software firm crushes q targets
"r/Stocks Daily Discussion & Options Trading Thursday - Nov 07, 2024",30,469,1730975410.0,1glnfzl,https://www.reddit.com/r/stocks/comments/1glnfzl/rstocks_daily_discussion_options_trading_thursday/,rstocks daily discussion options trading thursday nov
Future of Big Pharma ETFs/Stocks??,55,37,1730921947.0,1gl71nb,https://www.reddit.com/r/stocks/comments/1gl71nb/future_of_big_pharma_etfsstocks/,future of big pharma etfsstocks
"r/Stocks Daily Discussion Wednesday - Nov 06, 2024",26,581,1730889010.0,1gkvhgy,https://www.reddit.com/r/stocks/comments/1gkvhgy/rstocks_daily_discussion_wednesday_nov_06_2024/,rstocks daily discussion wednesday nov
Do I sell my stock and dump the money into ETFs like VOO and VIG?,0,33,1730822017.0,1gk9vg0,https://www.reddit.com/r/stocks/comments/1gk9vg0/do_i_sell_my_stock_and_dump_the_money_into_etfs/,do i sell my stock and dump the money into etfs like voo and vig
"r/Stocks Daily Discussion & Technicals Tuesday - Nov 05, 2024",4,186,1730802610.0,1gk3ojg,https://www.reddit.com/r/stocks/comments/1gk3ojg/rstocks_daily_discussion_technicals_tuesday_nov/,rstocks daily discussion technicals tuesday nov
/r/stocks US Election and Market Megathread,62,364,1730735194.0,1gjhdg1,https://www.reddit.com/r/stocks/comments/1gjhdg1/rstocks_us_election_and_market_megathread/,rstocks us election and market megathread
The Overlooked Risk in AI Stocks: It Has to Do With Data,69,48,1730730157.0,1gjfea0,https://www.reddit.com/r/stocks/comments/1gjfea0/the_overlooked_risk_in_ai_stocks_it_has_to_do/,the overlooked risk in ai stocks it has to do with data
"r/Stocks Daily Discussion Monday - Nov 04, 2024",21,197,1730716211.0,1gjb682,https://www.reddit.com/r/stocks/comments/1gjb682/rstocks_daily_discussion_monday_nov_04_2024/,rstocks daily discussion monday nov
SnowFlake’s Stock Buyback and Short-Term Optimism,26,22,1730585326.0,1gi7s8w,https://www.reddit.com/r/stocks/comments/1gi7s8w/snowflakes_stock_buyback_and_shortterm_optimism/,snowflakes stock buyback and shortterm optimism
"r/Stocks Weekly Thread on Meme Stocks Saturday - Nov 02, 2024",3,2,1730563217.0,1ghzo07,https://www.reddit.com/r/stocks/comments/1ghzo07/rstocks_weekly_thread_on_meme_stocks_saturday_nov/,rstocks weekly thread on meme stocks saturday nov
"/r/Stocks Weekend Discussion Saturday - Nov 02, 2024",10,55,1730539824.0,1ghspwv,https://www.reddit.com/r/stocks/comments/1ghspwv/rstocks_weekend_discussion_saturday_nov_02_2024/,rstocks weekend discussion saturday nov
What are your 'unknown' or 'boring' stocks that consistently outperform the market?,737,566,1730530647.0,1ghqt7y,https://www.reddit.com/r/stocks/comments/1ghqt7y/what_are_your_unknown_or_boring_stocks_that/,what are your unknown or boring stocks that consistently outperform the market
Etsy's declining gross merchandising sales - from a buyer,74,28,1730509574.0,1ghl0zv,https://www.reddit.com/r/stocks/comments/1ghl0zv/etsys_declining_gross_merchandising_sales_from_a/,etsys declining gross merchandising sales from a buyer
"r/Stocks Daily Discussion & Fundamentals Friday Nov 01, 2024",6,225,1730453408.0,1gh1fyy,https://www.reddit.com/r/stocks/comments/1gh1fyy/rstocks_daily_discussion_fundamentals_friday_nov/,rstocks daily discussion fundamentals friday nov
ENVX: why I like the stock,14,24,1730395379.0,1ggjwxd,https://www.reddit.com/r/stocks/comments/1ggjwxd/envx_why_i_like_the_stock/,envx why i like the stock
"Schwab to Significantly Expand Its 24-Hour Trading Capabilities to Include the Stocks in the S&P 500®, Nasdaq-100® + more",83,20,1730390570.0,1ggi20a,https://www.reddit.com/r/stocks/comments/1ggi20a/schwab_to_significantly_expand_its_24hour_trading/,schwab to significantly expand its hour trading capabilities to include the stocks in the sp nasdaq more
What Should I Buy Today When It's Mostly Red?,68,216,1730387974.0,1ggh1h4,https://www.reddit.com/r/stocks/comments/1ggh1h4/what_should_i_buy_today_when_its_mostly_red/,what should i buy today when its mostly red
"r/Stocks Daily Discussion & Options Trading Thursday - Oct 31, 2024",12,438,1730367010.0,1ggagts,https://www.reddit.com/r/stocks/comments/1ggagts/rstocks_daily_discussion_options_trading_thursday/,rstocks daily discussion options trading thursday oct
Thoughts on China’s stock market growth being similar to Japan’s?,19,30,1730353637.0,1gg7mf6,https://www.reddit.com/r/stocks/comments/1gg7mf6/thoughts_on_chinas_stock_market_growth_being/,thoughts on chinas stock market growth being similar to japans
"If you had free reign to create one law or policy to increase value in the stock market across the board/one industry, what would you do?",0,20,1730340966.0,1gg41ih,https://www.reddit.com/r/stocks/comments/1gg41ih/if_you_had_free_reign_to_create_one_law_or_policy/,if you had free reign to create one law or policy to increase value in the stock market across the boardone industry what would you do
Discovered stock purchase certificate of 200 shares of Biofield Corp from 2004 in deceased aunt's desk.,45,4,1730315419.0,1gfulii,https://www.reddit.com/r/stocks/comments/1gfulii/discovered_stock_purchase_certificate_of_200/,discovered stock purchase certificate of shares of biofield corp from in deceased aunts desk
Is there any reason why politicians should be allowed to trade stocks?,261,228,1730313722.0,1gftx32,https://www.reddit.com/r/stocks/comments/1gftx32/is_there_any_reason_why_politicians_should_be/,is there any reason why politicians should be allowed to trade stocks
Recent CROX stock drop,25,25,1730306571.0,1gfr1ad,https://www.reddit.com/r/stocks/comments/1gfr1ad/recent_crox_stock_drop/,recent crox stock drop
RIVN stock- is this even worth keeping at this point?,0,53,1730305965.0,1gfqsqa,https://www.reddit.com/r/stocks/comments/1gfqsqa/rivn_stock_is_this_even_worth_keeping_at_this/,rivn stock is this even worth keeping at this point
Who wins btwn NVO vs LLY in the Weightloss Market,18,24,1730303976.0,1gfpzws,https://www.reddit.com/r/stocks/comments/1gfpzws/who_wins_btwn_nvo_vs_lly_in_the_weightloss_market/,who wins btwn nvo vs lly in the weightloss market
Is Reddit the Perfect Stock? ,1,50,1730296479.0,1gfn313,https://www.reddit.com/r/stocks/comments/1gfn313/is_reddit_the_perfect_stock/,is reddit the perfect stock
Eli Lilly stock tumbles 10% after missing estimates and slashing profit guidance,124,55,1730286278.0,1gfjvkg,https://www.reddit.com/r/stocks/comments/1gfjvkg/eli_lilly_stock_tumbles_10_after_missing/,eli lilly stock tumbles after missing estimates and slashing profit guidance
"r/Stocks Daily Discussion Wednesday - Oct 30, 2024",12,342,1730280608.0,1gfiik1,https://www.reddit.com/r/stocks/comments/1gfiik1/rstocks_daily_discussion_wednesday_oct_30_2024/,rstocks daily discussion wednesday oct
Anyone still rather buy Nike over Google?,0,32,1730271352.0,1gfgki6,https://www.reddit.com/r/stocks/comments/1gfgki6/anyone_still_rather_buy_nike_over_google/,anyone still rather buy nike over google
Why did only this long call go down in price at market close today?,0,5,1730232373.0,1gf42ud,https://www.reddit.com/r/stocks/comments/1gf42ud/why_did_only_this_long_call_go_down_in_price_at/,why did only this long call go down in price at market close today
Is it worth it to just buy small stocks with the little money I have or partials of big stocks?,20,66,1730227691.0,1gf26se,https://www.reddit.com/r/stocks/comments/1gf26se/is_it_worth_it_to_just_buy_small_stocks_with_the/,is it worth it to just buy small stocks with the little money i have or partials of big stocks
"what are the most important metrics to evaluate stocks?
",1,26,1730226566.0,1gf1qgv,https://www.reddit.com/r/stocks/comments/1gf1qgv/what_are_the_most_important_metrics_to_evaluate/,what are the most important metrics to evaluate stocks
"r/Stocks Daily Discussion & Technicals Tuesday - Oct 29, 2024",12,267,1730194208.0,1geqi2z,https://www.reddit.com/r/stocks/comments/1geqi2z/rstocks_daily_discussion_technicals_tuesday_oct/,rstocks daily discussion technicals tuesday oct
CVS Stock - owned 20 years; hold forever or sell?,50,90,1730136585.0,1ge7wo2,https://www.reddit.com/r/stocks/comments/1ge7wo2/cvs_stock_owned_20_years_hold_forever_or_sell/,cvs stock owned years hold forever or sell
"I got offered a job at a startup company as a contractor, but will only get paid in ""preferred"" stock. How does that work ?",268,153,1730127693.0,1ge47le,https://www.reddit.com/r/stocks/comments/1ge47le/i_got_offered_a_job_at_a_startup_company_as_a/,i got offered a job at a startup company as a contractor but will only get paid in preferred stock how does that work
"r/Stocks Daily Discussion Monday - Oct 28, 2024",11,140,1730107808.0,1gdxwsd,https://www.reddit.com/r/stocks/comments/1gdxwsd/rstocks_daily_discussion_monday_oct_28_2024/,rstocks daily discussion monday oct
Cheaper to buy long call or protective put,13,16,1730042418.0,1gddbuv,https://www.reddit.com/r/stocks/comments/1gddbuv/cheaper_to_buy_long_call_or_protective_put/,cheaper to buy long call or protective put
Why Did Biogen’s Stock Drop Despite Strong Earnings and Analyst Upgrades (Aug 2024)?,11,12,1730041888.0,1gdd4py,https://www.reddit.com/r/stocks/comments/1gdd4py/why_did_biogens_stock_drop_despite_strong/,why did biogens stock drop despite strong earnings and analyst upgrades aug
PLTR sell or hold?,174,278,1730035960.0,1gdb1ik,https://www.reddit.com/r/stocks/comments/1gdb1ik/pltr_sell_or_hold/,pltr sell or hold
Why Cancel shares instead of convert to Treasury shares during Buyback?,34,8,1729979882.0,1gcvzz0,https://www.reddit.com/r/stocks/comments/1gcvzz0/why_cancel_shares_instead_of_convert_to_treasury/,why cancel shares instead of convert to treasury shares during buyback
"r/Stocks Weekly Thread on Meme Stocks Saturday - Oct 26, 2024",9,2,1729958414.0,1gcoaks,https://www.reddit.com/r/stocks/comments/1gcoaks/rstocks_weekly_thread_on_meme_stocks_saturday_oct/,rstocks weekly thread on meme stocks saturday oct
Do you ever look back at old r/stocks topics and wonder what people decided to do? Or how they feel about their takes ending up being right.,62,44,1729955927.0,1gcndoc,https://www.reddit.com/r/stocks/comments/1gcndoc/do_you_ever_look_back_at_old_rstocks_topics_and/,do you ever look back at old rstocks topics and wonder what people decided to do or how they feel about their takes ending up being right
What’s the stock you’ll never sell,313,726,1729943744.0,1gcjdqh,https://www.reddit.com/r/stocks/comments/1gcjdqh/whats_the_stock_youll_never_sell/,whats the stock youll never sell
"/r/Stocks Weekend Discussion Saturday - Oct 26, 2024",7,91,1729935015.0,1gch9t7,https://www.reddit.com/r/stocks/comments/1gch9t7/rstocks_weekend_discussion_saturday_oct_26_2024/,rstocks weekend discussion saturday oct
U.S. Bond Market Braces for the ‘Trump Trade’ of Large Tariffs and Deficits,328,121,1729862592.0,1gbu5k6,https://www.reddit.com/r/stocks/comments/1gbu5k6/us_bond_market_braces_for_the_trump_trade_of/,us bond market braces for the trump trade of large tariffs and deficits
"r/Stocks Daily Discussion & Fundamentals Friday Oct 25, 2024",10,156,1729848611.0,1gbq8o7,https://www.reddit.com/r/stocks/comments/1gbq8o7/rstocks_daily_discussion_fundamentals_friday_oct/,rstocks daily discussion fundamentals friday oct
When/how do you know it's time to sell your successful stock?,157,137,1729835469.0,1gbnd05,https://www.reddit.com/r/stocks/comments/1gbnd05/whenhow_do_you_know_its_time_to_sell_your/,whenhow do you know its time to sell your successful stock
Favorite 10 stocks,262,84,1729827229.0,1gbl5kl,https://www.reddit.com/r/stocks/comments/1gbl5kl/favorite_10_stocks/,favorite stocks
Tesla stock has best day in over a decade on Musk's 2025 growth projection,557,387,1729801558.0,1gbcgse,https://www.reddit.com/r/stocks/comments/1gbcgse/tesla_stock_has_best_day_in_over_a_decade_on/,tesla stock has best day in over a decade on musks growth projection
My whole portfolio is in this single stock...,0,89,1729798274.0,1gbb64c,https://www.reddit.com/r/stocks/comments/1gbb64c/my_whole_portfolio_is_in_this_single_stock/,my whole portfolio is in this single stock
How can I report capital loss on a stock when it's untradeable so I can't sell?,25,20,1729782489.0,1gb4vfm,https://www.reddit.com/r/stocks/comments/1gb4vfm/how_can_i_report_capital_loss_on_a_stock_when_its/,how can i report capital loss on a stock when its untradeable so i cant sell
Cool Stock Gift Ideas For A 16 Year Old Boy,62,60,1729776242.0,1gb2jiw,https://www.reddit.com/r/stocks/comments/1gb2jiw/cool_stock_gift_ideas_for_a_16_year_old_boy/,cool stock gift ideas for a year old boy
"Tesla’s Not a Car Company, Musk’s in the Business of Selling the Future. And 5 Other Things to Know Today.",0,10,1729774349.0,1gb1w72,https://www.reddit.com/r/stocks/comments/1gb1w72/teslas_not_a_car_company_musks_in_the_business_of/,teslas not a car company musks in the business of selling the future and other things to know today
Three stocks that you feel will outperform the market over the next 5 years,0,60,1729773116.0,1gb1i5u,https://www.reddit.com/r/stocks/comments/1gb1i5u/three_stocks_that_you_feel_will_outperform_the/,three stocks that you feel will outperform the market over the next years
"r/Stocks Daily Discussion & Options Trading Thursday - Oct 24, 2024",5,185,1729762210.0,1gayjng,https://www.reddit.com/r/stocks/comments/1gayjng/rstocks_daily_discussion_options_trading_thursday/,rstocks daily discussion options trading thursday oct
US SEC is having a set of eyes targeting at the short sellers.,104,19,1729683857.0,1ga8gq3,https://www.reddit.com/r/stocks/comments/1ga8gq3/us_sec_is_having_a_set_of_eyes_targeting_at_the/,us sec is having a set of eyes targeting at the short sellers
"r/Stocks Daily Discussion Wednesday - Oct 23, 2024",13,266,1729675811.0,1ga6dn3,https://www.reddit.com/r/stocks/comments/1ga6dn3/rstocks_daily_discussion_wednesday_oct_23_2024/,rstocks daily discussion wednesday oct
Why is $MSTR (Microstrategy) market cap more than 2x its asset value if it's an asset driven (Bitcoin) stock?,118,169,1729654108.0,1ga10nl,https://www.reddit.com/r/stocks/comments/1ga10nl/why_is_mstr_microstrategy_market_cap_more_than_2x/,why is mstr microstrategy market cap more than x its asset value if its an asset driven bitcoin stock
"What does it mean when the stock price rises, while the short interest rises alongside it?",0,11,1729649375.0,1g9zjwr,https://www.reddit.com/r/stocks/comments/1g9zjwr/what_does_it_mean_when_the_stock_price_rises/,what does it mean when the stock price rises while the short interest rises alongside it
Lockheed Martin Stock Sinks as F-35 Sales Decline Weighs on Revenue,217,63,1729614998.0,1g9mjsb,https://www.reddit.com/r/stocks/comments/1g9mjsb/lockheed_martin_stock_sinks_as_f35_sales_decline/,lockheed martin stock sinks as f sales decline weighs on revenue
Best way to deal with a stock that 10x'd and is now a significant part of your portfolio?,184,259,1729611523.0,1g9l584,https://www.reddit.com/r/stocks/comments/1g9l584/best_way_to_deal_with_a_stock_that_10xd_and_is/,best way to deal with a stock that xd and is now a significant part of your portfolio
Would I be paying more taxes and losing more money withdrawing profits from stocks vs just keeping Salary? ,0,28,1729610474.0,1g9kqgn,https://www.reddit.com/r/stocks/comments/1g9kqgn/would_i_be_paying_more_taxes_and_losing_more/,would i be paying more taxes and losing more money withdrawing profits from stocks vs just keeping salary
"Peloton partners with Costco to sell Bike+ as it looks to reach young, wealthy customers",80,101,1729603205.0,1g9hynq,https://www.reddit.com/r/stocks/comments/1g9hynq/peloton_partners_with_costco_to_sell_bike_as_it/,peloton partners with costco to sell bike as it looks to reach young wealthy customers
"r/Stocks Daily Discussion & Technicals Tuesday - Oct 22, 2024",8,187,1729589410.0,1g9e2oj,https://www.reddit.com/r/stocks/comments/1g9e2oj/rstocks_daily_discussion_technicals_tuesday_oct/,rstocks daily discussion technicals tuesday oct
Buying stocks in a malarkey market,0,23,1729560587.0,1g96je6,https://www.reddit.com/r/stocks/comments/1g96je6/buying_stocks_in_a_malarkey_market/,buying stocks in a malarkey market
How are stocks valued in a company? because I think I was given 1% instead of 10%,222,108,1729552022.0,1g93l9n,https://www.reddit.com/r/stocks/comments/1g93l9n/how_are_stocks_valued_in_a_company_because_i/,how are stocks valued in a company because i think i was given instead of
"r/Stocks Daily Discussion Monday - Oct 21, 2024",13,201,1729503011.0,1g8llmz,https://www.reddit.com/r/stocks/comments/1g8llmz/rstocks_daily_discussion_monday_oct_21_2024/,rstocks daily discussion monday oct
I compiled a list of all 190 stocks and funds from the September 2024 Quarterly Thread,0,14,1729458237.0,1g8915h,https://www.reddit.com/r/stocks/comments/1g8915h/i_compiled_a_list_of_all_190_stocks_and_funds/,i compiled a list of all stocks and funds from the september quarterly thread
What the hell is happening with Qualcomm's stock?,184,98,1729429145.0,1g7y4gf,https://www.reddit.com/r/stocks/comments/1g7y4gf/what_the_hell_is_happening_with_qualcomms_stock/,what the hell is happening with qualcomms stock
Is google not a no brainer buy right now?? ,566,602,1729385896.0,1g7nagu,https://www.reddit.com/r/stocks/comments/1g7nagu/is_google_not_a_no_brainer_buy_right_now/,is google not a no brainer buy right now
"Are there any stocks you will always buy because they align with your values? What are they? If you want to share, why not?",0,46,1729365033.0,1g7g8jh,https://www.reddit.com/r/stocks/comments/1g7g8jh/are_there_any_stocks_you_will_always_buy_because/,are there any stocks you will always buy because they align with your values what are they if you want to share why not
"Looking to dump some stocks before the end of the year specifically RIVN. Looking for insight, please.",0,35,1729363151.0,1g7fk2c,https://www.reddit.com/r/stocks/comments/1g7fk2c/looking_to_dump_some_stocks_before_the_end_of_the/,looking to dump some stocks before the end of the year specifically rivn looking for insight please
"r/Stocks Weekly Thread on Meme Stocks Saturday - Oct 19, 2024",4,0,1729353613.0,1g7c26g,https://www.reddit.com/r/stocks/comments/1g7c26g/rstocks_weekly_thread_on_meme_stocks_saturday_oct/,rstocks weekly thread on meme stocks saturday oct
Where do you keep your money in between buying opportunities?,56,118,1729349936.0,1g7aqbx,https://www.reddit.com/r/stocks/comments/1g7aqbx/where_do_you_keep_your_money_in_between_buying/,where do you keep your money in between buying opportunities
"Are there any stocks you will never buy because they don't align with your values?  What are they?  If you want to share, why not?",305,1095,1729343417.0,1g78l5q,https://www.reddit.com/r/stocks/comments/1g78l5q/are_there_any_stocks_you_will_never_buy_because/,are there any stocks you will never buy because they dont align with your values what are they if you want to share why not
"/r/Stocks Weekend Discussion Saturday - Oct 19, 2024",5,41,1729330218.0,1g757zs,https://www.reddit.com/r/stocks/comments/1g757zs/rstocks_weekend_discussion_saturday_oct_19_2024/,rstocks weekend discussion saturday oct
"Buy the market,,, but which market",0,23,1729321124.0,1g739pp,https://www.reddit.com/r/stocks/comments/1g739pp/buy_the_market_but_which_market/,buy the market but which market
Is there a % gain that makes you automatically think: “I have to sell and not be greedy”,254,330,1729282701.0,1g6ro6w,https://www.reddit.com/r/stocks/comments/1g6ro6w/is_there_a_gain_that_makes_you_automatically/,is there a gain that makes you automatically think i have to sell and not be greedy
Does anyone here collect old stock certificates? Or is there a market for these?,31,23,1729270895.0,1g6n3tf,https://www.reddit.com/r/stocks/comments/1g6n3tf/does_anyone_here_collect_old_stock_certificates/,does anyone here collect old stock certificates or is there a market for these
Games Workshop - Hold or Sell?,16,24,1729267614.0,1g6lt1l,https://www.reddit.com/r/stocks/comments/1g6lt1l/games_workshop_hold_or_sell/,games workshop hold or sell
I Flipped My Entire Portfolio of ETFs for AI Stocks,0,62,1729263552.0,1g6k31k,https://www.reddit.com/r/stocks/comments/1g6k31k/i_flipped_my_entire_portfolio_of_etfs_for_ai/,i flipped my entire portfolio of etfs for ai stocks
"r/Stocks Daily Discussion & Fundamentals Friday Oct 18, 2024",9,188,1729243811.0,1g6e1gc,https://www.reddit.com/r/stocks/comments/1g6e1gc/rstocks_daily_discussion_fundamentals_friday_oct/,rstocks daily discussion fundamentals friday oct
Why do you guys even bother trading when you can just buy the S&P 500?,2171,1267,1729216235.0,1g6775u,https://www.reddit.com/r/stocks/comments/1g6775u/why_do_you_guys_even_bother_trading_when_you_can/,why do you guys even bother trading when you can just buy the sp
ELI5: UAL stock buyback edition,7,8,1729205501.0,1g63pzy,https://www.reddit.com/r/stocks/comments/1g63pzy/eli5_ual_stock_buyback_edition/,eli ual stock buyback edition
Why does nobody talk about Snap-On stock?,0,31,1729205062.0,1g63kjz,https://www.reddit.com/r/stocks/comments/1g63kjz/why_does_nobody_talk_about_snapon_stock/,why does nobody talk about snapon stock
European Stocks,39,112,1729186217.0,1g5wf9e,https://www.reddit.com/r/stocks/comments/1g5wf9e/european_stocks/,european stocks
Selling covered calls,0,11,1729174636.0,1g5rxg9,https://www.reddit.com/r/stocks/comments/1g5rxg9/selling_covered_calls/,selling covered calls
"r/Stocks Daily Discussion & Options Trading Thursday - Oct 17, 2024",14,248,1729157410.0,1g5mxcs,https://www.reddit.com/r/stocks/comments/1g5mxcs/rstocks_daily_discussion_options_trading_thursday/,rstocks daily discussion options trading thursday oct
Stock recommendation for 7 years - Liquidity of around $110K,0,41,1729116119.0,1g5bde4,https://www.reddit.com/r/stocks/comments/1g5bde4/stock_recommendation_for_7_years_liquidity_of/,stock recommendation for years liquidity of around k
"Global chip stocks fall on ASML’s disappointing outlook, possible U.S. export cap",10,10,1729095356.0,1g538dr,https://www.reddit.com/r/stocks/comments/1g538dr/global_chip_stocks_fall_on_asmls_disappointing/,global chip stocks fall on asmls disappointing outlook possible us export cap
"United Airlines plans $1.5 billion share buyback, beats estimates for Q3",142,62,1729093443.0,1g52gmp,https://www.reddit.com/r/stocks/comments/1g52gmp/united_airlines_plans_15_billion_share_buyback/,united airlines plans billion share buyback beats estimates for q
Any company you wanna short? Looking for empty air stocks with 70-100%+ run-ups in 2024,0,73,1729084321.0,1g4z1jv,https://www.reddit.com/r/stocks/comments/1g4z1jv/any_company_you_wanna_short_looking_for_empty_air/,any company you wan na short looking for empty air stocks with runups in
Are lithium battery stocks a good buy?,21,60,1729078078.0,1g4x31u,https://www.reddit.com/r/stocks/comments/1g4x31u/are_lithium_battery_stocks_a_good_buy/,are lithium battery stocks a good buy
"Lithium Americas Corp secures $625m in funding from General Motors, is up 18% in premarket trading",52,10,1729077728.0,1g4wzpe,https://www.reddit.com/r/stocks/comments/1g4wzpe/lithium_americas_corp_secures_625m_in_funding/,lithium americas corp secures m in funding from general motors is up in premarket trading
"r/Stocks Daily Discussion Wednesday - Oct 16, 2024",14,137,1729071010.0,1g4vbzf,https://www.reddit.com/r/stocks/comments/1g4vbzf/rstocks_daily_discussion_wednesday_oct_16_2024/,rstocks daily discussion wednesday oct
Found old stock certificate from Paragon Capital Corporation - 1991,22,3,1729011757.0,1g4cnzr,https://www.reddit.com/r/stocks/comments/1g4cnzr/found_old_stock_certificate_from_paragon_capital/,found old stock certificate from paragon capital corporation
Boeing to Sell at Least $10 Billion in Shares to Plug Cash Drain,417,128,1728999042.0,1g47rmk,https://www.reddit.com/r/stocks/comments/1g47rmk/boeing_to_sell_at_least_10_billion_in_shares_to/,boeing to sell at least billion in shares to plug cash drain
Google to buy nuclear power for AI datacentres in ‘world first’ deal,518,76,1728998805.0,1g47oik,https://www.reddit.com/r/stocks/comments/1g47oik/google_to_buy_nuclear_power_for_ai_datacentres_in/,google to buy nuclear power for ai datacentres in world first deal
"r/Stocks Daily Discussion & Technicals Tuesday - Oct 15, 2024",9,280,1728984611.0,1g43p6x,https://www.reddit.com/r/stocks/comments/1g43p6x/rstocks_daily_discussion_technicals_tuesday_oct/,rstocks daily discussion technicals tuesday oct
Nvidia closes at record as AI chipmaker's market cap tops $3.4 trillion,915,241,1728937199.0,1g3pofm,https://www.reddit.com/r/stocks/comments/1g3pofm/nvidia_closes_at_record_as_ai_chipmakers_market/,nvidia closes at record as ai chipmakers market cap tops trillion
"How has DJT stock done so well, or held up so well, despite large losses?",7,124,1728936174.0,1g3p9h6,https://www.reddit.com/r/stocks/comments/1g3p9h6/how_has_djt_stock_done_so_well_or_held_up_so_well/,how has djt stock done so well or held up so well despite large losses
How do you get/ look for info or intel to make stock decisions? ,66,145,1728922752.0,1g3jqye,https://www.reddit.com/r/stocks/comments/1g3jqye/how_do_you_get_look_for_info_or_intel_to_make/,how do you get look for info or intel to make stock decisions
Which stock do you think will over-perform 12 months from today? Why?,0,66,1728921106.0,1g3j386,https://www.reddit.com/r/stocks/comments/1g3j386/which_stock_do_you_think_will_overperform_12/,which stock do you think will overperform months from today why
"r/Stocks Daily Discussion Monday - Oct 14, 2024",8,139,1728898211.0,1g3bu1n,https://www.reddit.com/r/stocks/comments/1g3bu1n/rstocks_daily_discussion_monday_oct_14_2024/,rstocks daily discussion monday oct
what's your cash vs stock ratio? (35yo),98,230,1728865822.0,1g33xsg,https://www.reddit.com/r/stocks/comments/1g33xsg/whats_your_cash_vs_stock_ratio_35yo/,whats your cash vs stock ratio yo
Employee Stock Purchase Program vs. Index Funds,40,77,1728833765.0,1g2sd2v,https://www.reddit.com/r/stocks/comments/1g2sd2v/employee_stock_purchase_program_vs_index_funds/,employee stock purchase program vs index funds
Question about cost to borrow fee - short selling. ,8,6,1728817667.0,1g2n91v,https://www.reddit.com/r/stocks/comments/1g2n91v/question_about_cost_to_borrow_fee_short_selling/,question about cost to borrow fee short selling
For those wondering if we're in a bull market.... ,0,54,1728812383.0,1g2m1hx,https://www.reddit.com/r/stocks/comments/1g2m1hx/for_those_wondering_if_were_in_a_bull_market/,for those wondering if were in a bull market
Curious To Understand Why Stocks Randomly Plummet During Post-hours,33,50,1728781257.0,1g2ecga,https://www.reddit.com/r/stocks/comments/1g2ecga/curious_to_understand_why_stocks_randomly_plummet/,curious to understand why stocks randomly plummet during posthours
"r/Stocks Weekly Thread on Meme Stocks Saturday - Oct 12, 2024",13,6,1728748816.0,1g23a9r,https://www.reddit.com/r/stocks/comments/1g23a9r/rstocks_weekly_thread_on_meme_stocks_saturday_oct/,rstocks weekly thread on meme stocks saturday oct
"Stock money raise offerings, do they always have to disclose who participated and bought shares?",10,6,1728734701.0,1g1ymuu,https://www.reddit.com/r/stocks/comments/1g1ymuu/stock_money_raise_offerings_do_they_always_have/,stock money raise offerings do they always have to disclose who participated and bought shares
"/r/Stocks Weekend Discussion Saturday - Oct 12, 2024",2,65,1728725417.0,1g1wfzi,https://www.reddit.com/r/stocks/comments/1g1wfzi/rstocks_weekend_discussion_saturday_oct_12_2024/,rstocks weekend discussion saturday oct
Russian stocks in the news again,0,20,1728723688.0,1g1w31i,https://www.reddit.com/r/stocks/comments/1g1w31i/russian_stocks_in_the_news_again/,russian stocks in the news again
Market is looking Good now! What are you waiting to buy when it gets spooked again?,0,42,1728659398.0,1g1c1qg,https://www.reddit.com/r/stocks/comments/1g1c1qg/market_is_looking_good_now_what_are_you_waiting/,market is looking good now what are you waiting to buy when it gets spooked again
"
Tesla shares drop 6% in premarket after Cybercab robotaxi reveal fails to impress",1696,565,1728649167.0,1g18fon,https://www.reddit.com/r/stocks/comments/1g18fon/tesla_shares_drop_6_in_premarket_after_cybercab/,tesla shares drop in premarket after cybercab robotaxi reveal fails to impress
"r/Stocks Daily Discussion & Fundamentals Friday Oct 11, 2024",9,207,1728639009.0,1g15tyd,https://www.reddit.com/r/stocks/comments/1g15tyd/rstocks_daily_discussion_fundamentals_friday_oct/,rstocks daily discussion fundamentals friday oct
"Will you get in on China, HK or Japan Stocks?",51,145,1728636674.0,1g15c2z,https://www.reddit.com/r/stocks/comments/1g15c2z/will_you_get_in_on_china_hk_or_japan_stocks/,will you get in on china hk or japan stocks
How to get historical data for a delisted stock?,3,5,1728585242.0,1g0pq8y,https://www.reddit.com/r/stocks/comments/1g0pq8y/how_to_get_historical_data_for_a_delisted_stock/,how to get historical data for a delisted stock
Using Stock Prices on different Markets to My Advantage,0,12,1728583821.0,1g0p6ta,https://www.reddit.com/r/stocks/comments/1g0p6ta/using_stock_prices_on_different_markets_to_my/,using stock prices on different markets to my advantage
What happens if a huge number of stocks is being sold at any price?,47,49,1728568083.0,1g0j7z3,https://www.reddit.com/r/stocks/comments/1g0j7z3/what_happens_if_a_huge_number_of_stocks_is_being/,what happens if a huge number of stocks is being sold at any price
"r/Stocks Daily Discussion & Options Trading Thursday - Oct 10, 2024",1,163,1728552610.0,1g0evqy,https://www.reddit.com/r/stocks/comments/1g0evqy/rstocks_daily_discussion_options_trading_thursday/,rstocks daily discussion options trading thursday oct
Any of you buying into Musk's robotaxi announcement tomorrow?,0,76,1728502892.0,1g0067z,https://www.reddit.com/r/stocks/comments/1g0067z/any_of_you_buying_into_musks_robotaxi/,any of you buying into musks robotaxi announcement tomorrow
Why I Think There’s an 85% Chance the Market Goes Up Tomorrow After CPI Data,0,34,1728492524.0,1fzw1s4,https://www.reddit.com/r/stocks/comments/1fzw1s4/why_i_think_theres_an_85_chance_the_market_goes/,why i think theres an chance the market goes up tomorrow after cpi data
"r/Stocks Daily Discussion Wednesday - Oct 09, 2024",6,154,1728466209.0,1fznehj,https://www.reddit.com/r/stocks/comments/1fznehj/rstocks_daily_discussion_wednesday_oct_09_2024/,rstocks daily discussion wednesday oct
Why would anyone buy Nike when you can buy Google?,307,212,1728462505.0,1fzmmp3,https://www.reddit.com/r/stocks/comments/1fzmmp3/why_would_anyone_buy_nike_when_you_can_buy_google/,why would anyone buy nike when you can buy google
Are you buying Celsius (CELH)?,1,60,1728456851.0,1fzlg2f,https://www.reddit.com/r/stocks/comments/1fzlg2f/are_you_buying_celsius_celh/,are you buying celsius celh
"Hong Kong’s Hang Seng closes 9% Lower as Chinese Markets Lose Momentum

",290,65,1728394279.0,1fyzuz9,https://www.reddit.com/r/stocks/comments/1fyzuz9/hong_kongs_hang_seng_closes_9_lower_as_chinese/,hong kongs hang seng closes lower as chinese markets lose momentum
"How to access historical data for NASDAQ stocks from 2019, including Volume, VWAP, EMAs, SMAs, and Level 2?",2,2,1728391998.0,1fyz2jv,https://www.reddit.com/r/stocks/comments/1fyz2jv/how_to_access_historical_data_for_nasdaq_stocks/,how to access historical data for nasdaq stocks from including volume vwap emas smas and level
"r/Stocks Daily Discussion & Technicals Tuesday - Oct 08, 2024",9,154,1728379810.0,1fyvqjd,https://www.reddit.com/r/stocks/comments/1fyvqjd/rstocks_daily_discussion_technicals_tuesday_oct/,rstocks daily discussion technicals tuesday oct
What stocks are going to be the big movers depending on the three possible outcomes of the US election?,0,38,1728358829.0,1fyqtfc,https://www.reddit.com/r/stocks/comments/1fyqtfc/what_stocks_are_going_to_be_the_big_movers/,what stocks are going to be the big movers depending on the three possible outcomes of the us election
Why dont stock charts show true returns (with dividends?),62,27,1728345239.0,1fymf55,https://www.reddit.com/r/stocks/comments/1fymf55/why_dont_stock_charts_show_true_returns_with/,why dont stock charts show true returns with dividends
"What has fueled the stock market growth since covid?
",137,155,1728340228.0,1fykmlf,https://www.reddit.com/r/stocks/comments/1fykmlf/what_has_fueled_the_stock_market_growth_since/,what has fueled the stock market growth since covid
The next group of wonderful distributor stocks (BECN amongst others),7,2,1728331715.0,1fyh8zf,https://www.reddit.com/r/stocks/comments/1fyh8zf/the_next_group_of_wonderful_distributor_stocks/,the next group of wonderful distributor stocks becn amongst others
Colgate/palmolive CL stock thoughts,16,3,1728321362.0,1fyd1ol,https://www.reddit.com/r/stocks/comments/1fyd1ol/colgatepalmolive_cl_stock_thoughts/,colgatepalmolive cl stock thoughts
"So assuming I am trying to grow the number of stock I have, if I sell at a profit, would the stock have to drop ~20% to 'buy back in' ?",0,23,1728309430.0,1fy89ci,https://www.reddit.com/r/stocks/comments/1fy89ci/so_assuming_i_am_trying_to_grow_the_number_of/,so assuming i am trying to grow the number of stock i have if i sell at a profit would the stock have to drop to buy back in
"r/Stocks Daily Discussion Monday - Oct 07, 2024",10,156,1728293411.0,1fy3loc,https://www.reddit.com/r/stocks/comments/1fy3loc/rstocks_daily_discussion_monday_oct_07_2024/,rstocks daily discussion monday oct
Defense stocks: What happens if the major ongoing conflicts ended?,63,138,1728260766.0,1fxv2h1,https://www.reddit.com/r/stocks/comments/1fxv2h1/defense_stocks_what_happens_if_the_major_ongoing/,defense stocks what happens if the major ongoing conflicts ended
Defense stocks?,31,109,1728228851.0,1fxj799,https://www.reddit.com/r/stocks/comments/1fxj799/defense_stocks/,defense stocks
Best Ratios and Metrics for Analyzing Small-Cap Stocks,14,8,1728207557.0,1fxcumf,https://www.reddit.com/r/stocks/comments/1fxcumf/best_ratios_and_metrics_for_analyzing_smallcap/,best ratios and metrics for analyzing smallcap stocks
How influential/important is after hours stock trading?,111,35,1728191808.0,1fx99zz,https://www.reddit.com/r/stocks/comments/1fx99zz/how_influentialimportant_is_after_hours_stock/,how influentialimportant is after hours stock trading
"An ETF for ""The Next Eleven"" emerging markets?",0,19,1728148603.0,1fwvd1d,https://www.reddit.com/r/stocks/comments/1fwvd1d/an_etf_for_the_next_eleven_emerging_markets/,an etf for the next eleven emerging markets
"r/Stocks Weekly Thread on Meme Stocks Saturday - Oct 05, 2024",0,3,1728144014.0,1fwtmqr,https://www.reddit.com/r/stocks/comments/1fwtmqr/rstocks_weekly_thread_on_meme_stocks_saturday_oct/,rstocks weekly thread on meme stocks saturday oct
"/r/Stocks Weekend Discussion Saturday - Oct 05, 2024",1,65,1728120617.0,1fwmlt7,https://www.reddit.com/r/stocks/comments/1fwmlt7/rstocks_weekend_discussion_saturday_oct_05_2024/,rstocks weekend discussion saturday oct
Why does the value of my stocks fluctuate after hours (not due to after hours trades),0,21,1728092561.0,1fwfi3i,https://www.reddit.com/r/stocks/comments/1fwfi3i/why_does_the_value_of_my_stocks_fluctuate_after/,why does the value of my stocks fluctuate after hours not due to after hours trades
Is it Time to Sell DOCN? A Perspective from a Fan,8,0,1728080779.0,1fwbmdr,https://www.reddit.com/r/stocks/comments/1fwbmdr/is_it_time_to_sell_docn_a_perspective_from_a_fan/,is it time to sell docn a perspective from a fan
Which stock is hidding in plain sight?,614,1093,1728076969.0,1fwa7mg,https://www.reddit.com/r/stocks/comments/1fwa7mg/which_stock_is_hidding_in_plain_sight/,which stock is hidding in plain sight
Lockheed martin stocks,0,33,1728060859.0,1fw3z1l,https://www.reddit.com/r/stocks/comments/1fw3z1l/lockheed_martin_stocks/,lockheed martin stocks
"Ubisoft shares skyrocket 33% after report Tencent, Guillemot family considering buyout",171,60,1728057108.0,1fw2h0z,https://www.reddit.com/r/stocks/comments/1fw2h0z/ubisoft_shares_skyrocket_33_after_report_tencent/,ubisoft shares skyrocket after report tencent guillemot family considering buyout
Meituan co-founder cashes out US$44.3 million amid Chinese stock rally,42,6,1728038681.0,1fvw5wd,https://www.reddit.com/r/stocks/comments/1fvw5wd/meituan_cofounder_cashes_out_us443_million_amid/,meituan cofounder cashes out us million amid chinese stock rally
"r/Stocks Daily Discussion & Fundamentals Friday Oct 04, 2024",12,217,1728034212.0,1fvv3xj,https://www.reddit.com/r/stocks/comments/1fvv3xj/rstocks_daily_discussion_fundamentals_friday_oct/,rstocks daily discussion fundamentals friday oct
[Purchase Cost - (Dividends + Sales of Same Stock) ] / Shares = ?,5,1,1728000257.0,1fvm4an,https://www.reddit.com/r/stocks/comments/1fvm4an/purchase_cost_dividends_sales_of_same_stock_shares/,purchase cost dividends sales of same stock shares
Thoughts on Dollar Tree stock since it is at a 1 and 5 yr low,29,58,1727977787.0,1fvdoqx,https://www.reddit.com/r/stocks/comments/1fvdoqx/thoughts_on_dollar_tree_stock_since_it_is_at_a_1/,thoughts on dollar tree stock since it is at a and yr low
"Lockheed Martin Raises Quarterly Dividend by 4.8%, Boosts Buyback Program",56,13,1727935255.0,1fv12yp,https://www.reddit.com/r/stocks/comments/1fv12yp/lockheed_martin_raises_quarterly_dividend_by_48/,lockheed martin raises quarterly dividend by boosts buyback program
"Should I buy ATEC, UMC or INTC?",0,47,1727966091.0,1fv97j5,https://www.reddit.com/r/stocks/comments/1fv97j5/should_i_buy_atec_umc_or_intc/,should i buy atec umc or intc
"r/Stocks Daily Discussion & Options Trading Thursday - Oct 03, 2024",12,129,1727947811.0,1fv3qvo,https://www.reddit.com/r/stocks/comments/1fv3qvo/rstocks_daily_discussion_options_trading_thursday/,rstocks daily discussion options trading thursday oct
"Daily, huge buy order at close",5,10,1727905113.0,1furue6,https://www.reddit.com/r/stocks/comments/1furue6/daily_huge_buy_order_at_close/,daily huge buy order at close
"Politics aside, could Ubisoft be a good buy now?",0,74,1727899454.0,1fupm9o,https://www.reddit.com/r/stocks/comments/1fupm9o/politics_aside_could_ubisoft_be_a_good_buy_now/,politics aside could ubisoft be a good buy now
Is there a stock you own that caught you by surprise with its returns?,156,552,1727899423.0,1fuplun,https://www.reddit.com/r/stocks/comments/1fuplun/is_there_a_stock_you_own_that_caught_you_by/,is there a stock you own that caught you by surprise with its returns
"You have $20k you can't withdraw for 30 years, what are you buying and why?",0,90,1727887883.0,1fukyun,https://www.reddit.com/r/stocks/comments/1fukyun/you_have_20k_you_cant_withdraw_for_30_years_what/,you have k you cant withdraw for years what are you buying and why
Hedge Funds are dumping energy stocks at the fastest pace since June 2022 according to Goldman Sachs,40,18,1727887610.0,1fukus9,https://www.reddit.com/r/stocks/comments/1fukus9/hedge_funds_are_dumping_energy_stocks_at_the/,hedge funds are dumping energy stocks at the fastest pace since june according to goldman sachs
"Chinese government stimulates housing industry, deregulates mortgages, and lowers sales tax, causing bullish stock market",143,94,1727880878.0,1fui4c7,https://www.reddit.com/r/stocks/comments/1fui4c7/chinese_government_stimulates_housing_industry/,chinese government stimulates housing industry deregulates mortgages and lowers sales tax causing bullish stock market
"Tesla stock slips after it reports 462,890 total deliveries during the third quarter",421,246,1727874606.0,1fuftc7,https://www.reddit.com/r/stocks/comments/1fuftc7/tesla_stock_slips_after_it_reports_462890_total/,tesla stock slips after it reports total deliveries during the third quarter
"r/Stocks Daily Discussion Wednesday - Oct 02, 2024",11,123,1727861410.0,1fuc4td,https://www.reddit.com/r/stocks/comments/1fuc4td/rstocks_daily_discussion_wednesday_oct_02_2024/,rstocks daily discussion wednesday oct
"Why ExxonMobil, Conoco Phillips, and Lockheed Martin Rallied on a Down Day for the Markets",24,5,1727847734.0,1fu94of,https://www.reddit.com/r/stocks/comments/1fu94of/why_exxonmobil_conoco_phillips_and_lockheed/,why exxonmobil conoco phillips and lockheed martin rallied on a down day for the markets
Is CELH a BUY?!,46,84,1727829641.0,1fu3snb,https://www.reddit.com/r/stocks/comments/1fu3snb/is_celh_a_buy/,is celh a buy
Challenge to find stocks matching 13 attributes of Peter Lynch,38,30,1727810140.0,1ftwftk,https://www.reddit.com/r/stocks/comments/1ftwftk/challenge_to_find_stocks_matching_13_attributes/,challenge to find stocks matching attributes of peter lynch
PepsiCo to buy tortilla chip maker Siete Foods for $1.2 billion,429,102,1727809090.0,1ftvztj,https://www.reddit.com/r/stocks/comments/1ftvztj/pepsico_to_buy_tortilla_chip_maker_siete_foods/,pepsico to buy tortilla chip maker siete foods for billion
The Crash of the stock market has arrived. Price/Earnings ratio just broke 30 for the entire S&P 500. ,0,160,1727796185.0,1ftqqw0,https://www.reddit.com/r/stocks/comments/1ftqqw0/the_crash_of_the_stock_market_has_arrived/,the crash of the stock market has arrived priceearnings ratio just broke for the entire sp
DCA or not DCA in individual stocks?,0,36,1727794258.0,1ftpzck,https://www.reddit.com/r/stocks/comments/1ftpzck/dca_or_not_dca_in_individual_stocks/,dca or not dca in individual stocks
"r/Stocks Daily Discussion & Technicals Tuesday - Oct 01, 2024",6,202,1727775010.0,1ftjzt8,https://www.reddit.com/r/stocks/comments/1ftjzt8/rstocks_daily_discussion_technicals_tuesday_oct/,rstocks daily discussion technicals tuesday oct
"How accurate is Robinhood 24hr trading to premarket open?
",0,20,1727754251.0,1ftexln,https://www.reddit.com/r/stocks/comments/1ftexln/how_accurate_is_robinhood_24hr_trading_to/,how accurate is robinhood hr trading to premarket open
This quick look at baba price/FCF says it's a screaming buy,0,76,1727742605.0,1ftb6hk,https://www.reddit.com/r/stocks/comments/1ftb6hk/this_quick_look_at_baba_pricefcf_says_its_a/,this quick look at baba pricefcf says its a screaming buy
"can stock picking be safer than the S&P, during its higher P/E periods?",78,114,1727733787.0,1ft7ziv,https://www.reddit.com/r/stocks/comments/1ft7ziv/can_stock_picking_be_safer_than_the_sp_during_its/,can stock picking be safer than the sp during its higher pe periods
Carnival Stock Slips After Record-Setting Quarter Offset by Weak Outlook,30,6,1727713779.0,1fszucu,https://www.reddit.com/r/stocks/comments/1fszucu/carnival_stock_slips_after_recordsetting_quarter/,carnival stock slips after recordsetting quarter offset by weak outlook
Stock changes listing,1,4,1727701996.0,1fsv875,https://www.reddit.com/r/stocks/comments/1fsv875/stock_changes_listing/,stock changes listing
